{"assets/buttons/.DS_Store":["assets/buttons/.DS_Store"],"assets/buttons/btn_back.png":["assets/buttons/btn_back.png"],"assets/buttons/btn_map.png":["assets/buttons/btn_map.png"],"assets/buttons/btn_wishlist.png":["assets/buttons/btn_wishlist.png"],"assets/buttons/btn_wishlist_active.png":["assets/buttons/btn_wishlist_active.png"],"assets/icons/.DS_Store":["assets/icons/.DS_Store"],"assets/icons/icon_bedroom.png":["assets/icons/icon_bedroom.png"],"assets/icons/icon_card_active.png":["assets/icons/icon_card_active.png"],"assets/icons/icon_card_inactive.png":["assets/icons/icon_card_inactive.png"],"assets/icons/icon_cupboard.png":["assets/icons/icon_cupboard.png"],"assets/icons/icon_fav_active.png":["assets/icons/icon_fav_active.png"],"assets/icons/icon_fav_inactive.png":["assets/icons/icon_fav_inactive.png"],"assets/icons/icon_home_active.png":["assets/icons/icon_home_active.png"],"assets/icons/icon_home_inactive.png":["assets/icons/icon_home_inactive.png"],"assets/icons/icon_kitchen.png":["assets/icons/icon_kitchen.png"],"assets/icons/icon_launcher.png":["assets/icons/icon_launcher.png"],"assets/icons/icon_msg_active.png":["assets/icons/icon_msg_active.png"],"assets/icons/icon_msg_inactive.png":["assets/icons/icon_msg_inactive.png"],"assets/icons/icon_star.png":["assets/icons/icon_star.png"],"assets/icons/icon_star_grey.png":["assets/icons/icon_star_grey.png"],"assets/images/.DS_Store":["assets/images/.DS_Store"],"assets/images/banner_detail1.png":["assets/images/banner_detail1.png"],"assets/images/banner_detail2.png":["assets/images/banner_detail2.png"],"assets/images/banner_detail3.png":["assets/images/banner_detail3.png"],"assets/images/city1.png":["assets/images/city1.png"],"assets/images/city2.png":["assets/images/city2.png"],"assets/images/city3.png":["assets/images/city3.png"],"assets/images/city4.png":["assets/images/city4.png"],"assets/images/city5.png":["assets/images/city5.png"],"assets/images/city6.png":["assets/images/city6.png"],"assets/images/detail_room1.png":["assets/images/detail_room1.png"],"assets/images/detail_room2.png":["assets/images/detail_room2.png"],"assets/images/detail_room3.png":["assets/images/detail_room3.png"],"assets/images/error.png":["assets/images/error.png"],"assets/images/logo.png":["assets/images/logo.png"],"assets/images/room1.png":["assets/images/room1.png"],"assets/images/room2.png":["assets/images/room2.png"],"assets/images/room3.png":["assets/images/room3.png"],"assets/images/splash_image.png":["assets/images/splash_image.png"],"assets/images/tips1.png":["assets/images/tips1.png"],"assets/images/tips2.png":["assets/images/tips2.png"],"packages/cupertino_icons/assets/CupertinoIcons.ttf":["packages/cupertino_icons/assets/CupertinoIcons.ttf"]}